-- MySQL dump 10.11
--
-- Host: localhost    Database: cs4601_i
-- ------------------------------------------------------
-- Server version	5.0.67-0ubuntu6

/*!40101 SET @OLD_CHARACTER_SET_CLIENT=@@CHARACTER_SET_CLIENT */;
/*!40101 SET @OLD_CHARACTER_SET_RESULTS=@@CHARACTER_SET_RESULTS */;
/*!40101 SET @OLD_COLLATION_CONNECTION=@@COLLATION_CONNECTION */;
/*!40101 SET NAMES utf8 */;
/*!40103 SET @OLD_TIME_ZONE=@@TIME_ZONE */;
/*!40103 SET TIME_ZONE='+00:00' */;
/*!40014 SET @OLD_UNIQUE_CHECKS=@@UNIQUE_CHECKS, UNIQUE_CHECKS=0 */;
/*!40014 SET @OLD_FOREIGN_KEY_CHECKS=@@FOREIGN_KEY_CHECKS, FOREIGN_KEY_CHECKS=0 */;
/*!40101 SET @OLD_SQL_MODE=@@SQL_MODE, SQL_MODE='NO_AUTO_VALUE_ON_ZERO' */;
/*!40111 SET @OLD_SQL_NOTES=@@SQL_NOTES, SQL_NOTES=0 */;

--
-- Table structure for table `bids_on`
--

DROP TABLE IF EXISTS `bids_on`;
SET @saved_cs_client     = @@character_set_client;
SET character_set_client = utf8;
CREATE TABLE `bids_on` (
  `username` varchar(50) NOT NULL default '',
  `item_title` varchar(50) NOT NULL default '',
  `item_seller` varchar(50) NOT NULL default '',
  `item_category` varchar(30) NOT NULL default '',
  `item_end_day` int(5) NOT NULL default '0',
  `item_end_hour` int(2) NOT NULL default '0',
  `item_end_minute` int(2) NOT NULL default '0',
  `bid_day` int(5) NOT NULL default '0',
  `bid_hour` int(2) NOT NULL default '0',
  `bid_minute` int(2) NOT NULL default '0',
  `bid_amount` float(7,2) default NULL,
  `display_notification` char(1) default NULL,
  PRIMARY KEY  (`username`,`item_title`,`item_seller`,`item_category`,`item_end_day`,`item_end_hour`,`item_end_minute`,`bid_day`,`bid_hour`,`bid_minute`),
  KEY `item_title` (`item_title`),
  KEY `item_seller` (`item_seller`),
  KEY `item_category` (`item_category`),
  KEY `item_end_day` (`item_end_day`),
  KEY `item_end_hour` (`item_end_hour`),
  KEY `item_end_minute` (`item_end_minute`)
) ENGINE=MyISAM DEFAULT CHARSET=latin1;
SET character_set_client = @saved_cs_client;

--
-- Dumping data for table `bids_on`
--

--LOCK TABLES `bids_on` WRITE;
/*!40000 ALTER TABLE `bids_on` DISABLE KEYS */;
INSERT INTO `bids_on` VALUES ('sayuj','Cheap paint brushes','dallas','Art',0,16,0,0,1,4,2.00,'y'),('sayuj','Stack of books','mark','Books',2,21,0,0,1,5,17.50,'y'),('sayuj','A stolen book','mark','Books',0,19,0,0,1,6,6.00,'y'),('sayuj','Clothes from my closet','jim','Clothing',1,23,0,0,1,7,100.50,'y'),('sayuj','Shirt off my back','trey','Clothing',1,16,0,0,1,8,13.00,'y'),('sayuj','A doll','mark','Collectibles',1,16,0,0,1,9,11.00,'y'),('sayuj','Car Remote','trey','Electronics',3,21,0,0,1,10,8.00,'y'),('sayuj','Boom Box','trey','Electronics',2,17,0,0,1,11,10.50,'y'),('sayuj','My favorite glove','dallas','Sporting Goods',0,19,0,0,1,12,44.50,'y'),('sayuj','Dominos','mark','Toys',1,20,0,0,1,13,4.00,'y'),('dallas','Free CD','sayuj','Art',5,11,0,0,1,14,1.50,'y'),('dallas','Giant statue','sayuj','Art',3,1,0,0,1,15,271.00,'y'),('dallas','Stack of books','mark','Books',2,21,0,0,1,16,18.00,'y'),('dallas','A stolen book','mark','Books',0,19,0,0,1,17,6.50,'y'),('mark','Free CD','sayuj','Art',5,11,0,0,1,19,2.00,'y'),('mark','Giant statue','sayuj','Art',3,1,0,0,1,20,271.50,'y'),('mark','Cheap paint brushes','dallas','Art',0,16,0,0,1,21,2.50,'y'),('mark','Clothes from my closet','jim','Clothing',1,23,0,0,1,22,101.00,'y'),('mark','Shirt off my back','trey','Clothing',1,16,0,0,1,23,13.50,'y'),('mark','Socks','jim','Clothing',1,0,0,0,1,24,1.50,'y'),('mark','Other sock','jim','Clothing',1,0,0,0,1,25,2.00,'y'),('mark','Car Remote','trey','Electronics',3,21,0,0,1,26,8.50,'y'),('mark','Circuit board','sayuj','Electronics',3,20,0,0,1,27,5.00,'y'),('mark','Boom Box','trey','Electronics',2,17,0,0,1,28,11.00,'y'),('mark','Circuit Board 2','sayuj','Electronics',2,12,0,0,1,29,74.50,'y'),('mark','Killah','sayuj','Entertainment',1,13,0,0,1,30,10.00,'y'),('mark','Earrings from a pirate ship','sayuj','Jewelry',4,13,0,0,1,31,11.00,'y'),('mark','Pirate Treasure','sayuj','Jewelry',4,10,0,0,1,32,126.50,'y'),('mark','My favorite glove','dallas','Sporting Goods',0,19,0,0,1,33,45.00,'n'),('mark','Indian He-man','sayuj','Toys',2,23,0,0,1,34,8.00,'y'),('mark','Free CD','sayuj','Toys',0,21,0,0,1,35,10.50,'y'),('dallas','Indian He-man','sayuj','Toys',2,23,0,0,1,38,9.50,'y'),('dallas','Dominos','mark','Toys',1,20,0,0,1,39,4.50,'y'),('dallas','Free CD','sayuj','Toys',0,21,0,0,1,40,11.00,'y'),('dallas','Pirate Treasure','sayuj','Jewelry',4,10,0,0,1,41,127.00,'y'),('dallas','Earrings from a pirate ship','sayuj','Jewelry',4,13,0,0,1,42,11.50,'y'),('dallas','Giant statue','sayuj','Art',3,1,0,0,1,43,273.50,'y'),('dallas','Free CD','sayuj','Art',5,11,0,0,1,44,2.50,'y'),('dallas','Other sock','jim','Clothing',1,0,0,0,1,45,4.00,'n'),('dallas','Socks','jim','Clothing',1,0,0,0,1,46,2.00,'y'),('dallas','Shirt off my back','trey','Clothing',1,16,0,0,1,47,14.00,'y'),('dallas','Clothes from my closet','jim','Clothing',1,23,0,0,1,48,101.50,'n'),('dallas','A doll','mark','Collectibles',1,16,0,0,1,49,11.50,'y'),('dallas','Circuit Board 2','sayuj','Electronics',2,12,0,0,1,50,75.00,'y'),('dallas','Boom Box','trey','Electronics',2,17,0,0,1,51,11.50,'y'),('dallas','Circuit board','sayuj','Electronics',3,20,0,0,1,52,5.50,'y'),('dallas','Car Remote','trey','Electronics',3,21,0,0,1,53,9.00,'y'),('dallas','Killah','sayuj','Entertainment',1,13,0,0,1,54,10.50,'y'),('jim','Free CD','sayuj','Toys',0,21,0,0,1,57,11.50,'y'),('jim','Dominos','mark','Toys',1,20,0,0,1,58,5.00,'n'),('jim','Indian He-man','sayuj','Toys',2,23,0,0,1,59,19.50,'n'),('jim','Pirate Treasure','sayuj','Jewelry',4,10,0,0,2,0,132.50,'n'),('jim','Earrings from a pirate ship','sayuj','Jewelry',4,13,0,0,2,1,21.00,'n'),('jim','Killah','sayuj','Entertainment',1,13,0,0,2,2,13.50,'n'),('jim','Circuit Board 2','sayuj','Electronics',2,12,0,0,2,3,80.00,'n'),('jim','Boom Box','trey','Electronics',2,17,0,0,2,4,18.00,'n'),('jim','Circuit board','sayuj','Electronics',3,20,0,0,2,5,6.00,'n'),('jim','Car Remote','trey','Electronics',3,21,0,0,2,6,11.00,'n'),('jim','A doll','mark','Collectibles',1,16,0,0,2,7,12.00,'n'),('jim','Shirt off my back','trey','Clothing',1,16,0,0,2,8,23.50,'n'),('jim','A stolen book','mark','Books',0,19,0,0,2,9,7.00,'n'),('jim','Stack of books','mark','Books',2,21,0,0,2,10,26.00,'n'),('jim','Cheap paint brushes','dallas','Art',0,16,0,0,2,11,3.00,'y'),('jim','Giant statue','sayuj','Art',3,1,0,0,2,12,283.50,'y'),('jim','Free CD','sayuj','Art',5,11,0,0,2,13,4.00,'y'),('admin','Free CD','sayuj','Toys',0,21,0,0,2,16,15.50,'n'),('trey','Free CD','sayuj','Art',5,11,0,0,2,19,4.50,'n'),('trey','Giant statue','sayuj','Art',3,1,0,0,2,20,293.50,'n'),('trey','Cheap paint brushes','dallas','Art',0,16,0,0,2,21,3.50,'n'),('trey','Socks','jim','Clothing',1,0,0,0,2,22,2.50,'n'),('jim','Quick SEll!!','trey','Collectibles',0,3,0,0,2,26,17.50,'n');
/*!40000 ALTER TABLE `bids_on` ENABLE KEYS */;
--UNLOCK TABLES;

--
-- Table structure for table `item_listing`
--

DROP TABLE IF EXISTS `item_listing`;
SET @saved_cs_client     = @@character_set_client;
SET character_set_client = utf8;
CREATE TABLE `item_listing` (
  `title` varchar(50) NOT NULL default '',
  `seller` varchar(50) NOT NULL default '',
  `category` varchar(30) NOT NULL default '',
  `end_day` int(5) NOT NULL default '0',
  `end_hour` int(2) NOT NULL default '0',
  `end_minute` int(2) NOT NULL default '0',
  `description` varchar(250) default NULL,
  `shipping_cost` float(7,2) default NULL,
  `shipping_method` varchar(100) default NULL,
  `starting_price` float(7,2) default NULL,
  `current_price` float(7,2) default NULL,
  `picture` varchar(100) default NULL,
  `buyer` varchar(50) default NULL,
  `buyerfeedbackforseller_description` varchar(250) default NULL,
  `buyerfeedbackforseller_rating` int(2) default NULL,
  `sellerfeedbackforbuyer_description` varchar(250) default NULL,
  PRIMARY KEY  (`title`,`seller`,`category`,`end_day`,`end_hour`,`end_minute`),
  KEY `seller` (`seller`)
) ENGINE=MyISAM DEFAULT CHARSET=latin1;
SET character_set_client = @saved_cs_client;

--
-- Dumping data for table `item_listing`
--

--LOCK TABLES `item_listing` WRITE;
/*!40000 ALTER TABLE `item_listing` DISABLE KEYS */;
INSERT INTO `item_listing` VALUES ('Socks','jim','Clothing',1,0,0,'Old but not yellow. Has a few holes.',5.00,'Air',1.00,2.50,'clothing1.jpg','','',-1,''),('Other sock','jim','Clothing',1,0,0,'Sorry, I forgot to include them both. Cheaper shipping this time.',2.00,'Air',1.00,4.00,'clothing1.jpg','','',-1,''),('Clothes from my closet','jim','Clothing',1,23,0,'Just cleaned out my closet. Don\\\'t want this stuff anymore.',10.00,'FedEx',100.00,101.50,'clothing3.jpg','','',-1,''),('My favorite glove','dallas','Sporting Goods',0,19,0,'I have no clue why I am trying to sell this.',1.00,'UPS',35.00,45.00,'sporting_goods2.jpg','','',-1,''),('Cheap paint brushes','dallas','Art',0,16,0,'Expensive shipping - sorry. But they are so awesome.',10.00,'FedEx',1.50,3.50,'art1.jpg','','',-1,''),('Indian He-man','sayuj','Toys',2,23,0,'Comes from India, not really Indian though. It bends.',2.00,'FedEx',7.50,19.50,'toys2.jpg','','',-1,''),('Dominos','mark','Toys',1,20,0,'Not pizza. They are black. No scratches.',1.00,'FedEx',3.50,5.00,'toys3.jpg','','',-1,''),('Stack of books','mark','Books',2,21,0,'I found a stack of books and now I\\\'m trying to make a buck.',4.00,'Air',8.50,26.00,'books1.jpg','','',-1,''),('A stolen book','mark','Books',0,19,0,'Took it from Dallas.',3.00,'FedEx',5.50,7.00,'books3.jpg','','',-1,''),('A doll','mark','Collectibles',1,16,0,'Don\\\'t ask. Just buy.',3.00,'UPS',10.50,12.00,'collectibles3.jpg','','',-1,''),('Quick SEll!!','trey','Collectibles',0,3,0,'Buy this from me quick please!',1.00,'FedEx',7.50,17.50,'collectibles3.jpg','jim','Thanks man.',9,'This buyer was very kind.'),('Shirt off my back','trey','Clothing',1,16,0,'Literally.',2.00,'FedEx',8.00,23.50,'clothing3.jpg','','',-1,''),('Boom Box','trey','Electronics',2,17,0,'Boom boom boom.',10.00,'Air',10.00,18.00,'electronics1.jpg','','',-1,''),('Car Remote','trey','Electronics',3,21,0,'Used to belong to Dallas.',2.00,'FedEx',3.50,11.00,'electronics2.jpg','','',-1,''),('Circuit board','sayuj','Electronics',3,20,0,'Unfortunately I don\\\'t know what it does.',2.00,'FedEx',4.50,6.00,'electronics3.jpg','','',-1,''),('Circuit Board 2','sayuj','Electronics',2,12,0,'I think this one is green',1.00,'FedEx',74.00,80.00,'electronics3.jpg','','',-1,''),('Free CD','sayuj','Art',5,11,0,'Well almost free.',1.00,'FedEx',1.00,4.50,'art1.jpg','','',-1,''),('Killah','sayuj','Entertainment',1,13,0,'Don\\\'t get hurt.',1.00,'FedEx',9.50,13.50,'entertainment3.jpg','','',-1,''),('Pirate Treasure','sayuj','Jewelry',4,10,0,'Looks like a ring.',4.00,'UPS',126.00,132.50,'jewelry1.jpg','','',-1,''),('Earrings from a pirate ship','sayuj','Jewelry',4,13,0,'Maybe.',1.00,'FedEx',10.50,21.00,'jewelry3.jpg','','',-1,''),('Giant statue','sayuj','Art',3,1,0,'I wouldn\\\'t want to be the one lifting this thing. It is huge. Look at the picture.',70.00,'Air',270.50,293.50,'art2.jpg','','',-1,''),('Free CD','sayuj','Toys',0,21,0,'This is not a spam. And it is almost free.',1.00,'FedEx',1.00,15.50,'toys3.jpg','','',-1,'');
/*!40000 ALTER TABLE `item_listing` ENABLE KEYS */;
--UNLOCK TABLES;

--
-- Table structure for table `user`
--

DROP TABLE IF EXISTS `user`;
SET @saved_cs_client     = @@character_set_client;
SET character_set_client = utf8;
CREATE TABLE `user` (
  `username` varchar(50) NOT NULL default '',
  `password` varchar(50) default NULL,
  `is_admin` tinyint(1) default NULL,
  `realname` varchar(100) default NULL,
  `birth_date` varchar(10) default NULL,
  `shipping_street` varchar(100) default NULL,
  `shipping_city` varchar(50) default NULL,
  `shipping_state` varchar(25) default NULL,
  `shipping_zip` varchar(10) default NULL,
  `phone` varchar(12) default NULL,
  `email` varchar(50) default NULL,
  `card_type` varchar(20) default NULL,
  `card_number` varchar(16) default NULL,
  `card_expire` varchar(5) default NULL,
  `picture` varchar(100) default NULL,
  `description` varchar(250) default NULL,
  PRIMARY KEY  (`username`)
) ENGINE=MyISAM DEFAULT CHARSET=latin1;
SET character_set_client = @saved_cs_client;

--
-- Dumping data for table `user`
--

--LOCK TABLES `user` WRITE;
/*!40000 ALTER TABLE `user` DISABLE KEYS */;
INSERT INTO `user` VALUES ('admin','460',1,'The Administrator','1975-10-01','151 Street','Lafayette','Louisiana','70503','337-555-5907','jne@louisiana.edu','Visa','5401667807681234','05/12','profile1.jpg','I\'m just a regular user..not really'),('mark','460',0,'Mark McKelvy','1970-02-12','56 Dodo Ln','Pineville','Louisiana','48271','123-456-7893','mark@ibay.com','Discover','65423456732135','06/10','profile1.jpg','I make cheese for a living.'),('dallas','460',0,'Dallas Griffith','1960-12-30','987 Main Street','Donaldsville','Pennsylvania','37261','324-425-8472','dallas@ibay.com','Mastercard','877887788778478','05/14','profile2.jpg','I wear pink shirts and brown pants. What more do you need to know?'),('trey','460',0,'Trey Alexander','1920-05-17','543 Barney Street','Threadless','Georgia','88745','447-387-1827','trey@ibay.com','Visa','8744566887443668','10/14','profile5.jpg','My son plays baseball.'),('sayuj','460',0,'Sayooj Valson','1990-02-18','2827 Indiana Ave.','Austin','Illinois','88757','827-233-1200','chapooty@ibay.com','Mastercard','741255780054021','06/10','profile7.jpg','My mom calls me chapooty. '),('jim','460',0,'Jim Etheredge','1979-03-13','1300 Ether Ln','China','Texas','22570','554-224-5888','jim@ibay.com','American Express','789777580144747','07/10','profile4.jpg','Look at that join thing first. What is this?');
/*!40000 ALTER TABLE `user` ENABLE KEYS */;
--UNLOCK TABLES;

--
-- Table structure for table `user_activity`
--

DROP TABLE IF EXISTS `user_activity`;
SET @saved_cs_client     = @@character_set_client;
SET character_set_client = utf8;
CREATE TABLE `user_activity` (
  `username` varchar(50) NOT NULL default '',
  `day` int(5) NOT NULL default '0',
  `hour` int(2) NOT NULL default '0',
  `minute` int(2) NOT NULL default '0',
  `activity` varchar(250) default NULL,
  PRIMARY KEY  (`username`,`day`,`hour`,`minute`)
) ENGINE=MyISAM DEFAULT CHARSET=latin1;
SET character_set_client = @saved_cs_client;

--
-- Dumping data for table `user_activity`
--

--LOCK TABLES `user_activity` WRITE;
/*!40000 ALTER TABLE `user_activity` DISABLE KEYS */;
INSERT INTO `user_activity` VALUES ('admin',0,0,0,'Registered'),('admin',0,0,1,'Logged In'),('admin',0,0,2,'Logged Out'),('mark',0,0,3,'Registered'),('mark',0,0,4,'Logged In'),('mark',0,0,5,'You updated your profile information.'),('mark',0,0,6,'Logged Out'),('dallas',0,0,7,'Registered'),('dallas',0,0,8,'Logged In'),('dallas',0,0,9,'You updated your profile information.'),('dallas',0,0,10,'Logged Out'),('trey',0,0,11,'Registered'),('trey',0,0,12,'Logged In'),('trey',0,0,13,'You updated your profile information.'),('trey',0,0,14,'You updated your profile information.'),('trey',0,0,15,'You updated your profile information.'),('trey',0,0,16,'Logged Out'),('sayuj',0,0,17,'Registered'),('sayuj',0,0,18,'Logged In'),('sayuj',0,0,19,'You updated your profile information.'),('sayuj',0,0,20,'Logged Out'),('jim',0,0,21,'Registered'),('jim',0,0,22,'Logged In'),('jim',0,0,23,'You updated your profile information.'),('jim',0,0,24,'You updated your profile information.'),('jim',0,0,25,'You updated your profile information.'),('jim',0,0,26,'Listed a new auction: \"<a href=\"itemlisting.php?mode=view&title=Socks&seller=jim&category=Clothing&end_day=1&end_hour=0&end_minute=0\">Socks</a>\".'),('jim',0,0,27,'Listed a new auction: \"<a href=\"itemlisting.php?mode=view&title=Other sock&seller=jim&category=Clothing&end_day=1&end_hour=0&end_minute=0\">Other sock</a>\".'),('jim',0,0,28,'Listed a new auction: \"<a href=\"itemlisting.php?mode=view&title=Clothes from my closet&seller=jim&category=Clothing&end_day=1&end_hour=23&end_minute=0\">Clothes from my closet</a>\".'),('jim',0,0,29,'Logged Out'),('dallas',0,0,30,'Logged In'),('dallas',0,0,31,'Listed a new auction: \"<a href=\"itemlisting.php?mode=view&title=My favorite glove&seller=dallas&category=Sporting Goods&end_day=00000&end_hour=19&end_minute=0\">My favorite glove</a>\".'),('dallas',0,0,32,'Listed a new auction: \"<a href=\"itemlisting.php?mode=view&title=Cheap paint brushes&seller=dallas&category=Art&end_day=00000&end_hour=16&end_minute=0\">Cheap paint brushes</a>\".'),('dallas',0,0,33,'Logged Out'),('sayuj',0,0,34,'Logged In'),('sayuj',0,0,35,'Listed a new auction: \"<a href=\"itemlisting.php?mode=view&title=Indian He-man&seller=sayuj&category=Toys&end_day=2&end_hour=23&end_minute=0\">Indian He-man</a>\".'),('sayuj',0,0,36,'Logged Out'),('mark',0,0,37,'Logged In'),('mark',0,0,38,'Listed a new auction: \"<a href=\"itemlisting.php?mode=view&title=Dominos&seller=mark&category=Toys&end_day=1&end_hour=20&end_minute=0\">Dominos</a>\".'),('mark',0,0,39,'Listed a new auction: \"<a href=\"itemlisting.php?mode=view&title=Stack of books&seller=mark&category=Books&end_day=2&end_hour=21&end_minute=0\">Stack of books</a>\".'),('mark',0,0,40,'Listed a new auction: \"<a href=\"itemlisting.php?mode=view&title=A stolen book&seller=mark&category=Books&end_day=00000&end_hour=19&end_minute=0\">A stolen book</a>\".'),('mark',0,0,41,'Listed a new auction: \"<a href=\"itemlisting.php?mode=view&title=A doll&seller=mark&category=Collectibles&end_day=1&end_hour=16&end_minute=0\">A doll</a>\".'),('mark',0,0,42,'Logged Out'),('trey',0,0,43,'Logged In'),('trey',0,2,22,'Bid $2.50 on the auction: \"<a href=\"itemlisting.php?mode=view&title=Socks&seller=jim&category=Clothing&end_day=1&end_hour=0&end_minute=0\">Socks</a>\".'),('trey',0,0,49,'Listed a new auction: \"<a href=\"itemlisting.php?mode=view&title=Shirt off my back&seller=trey&category=Clothing&end_day=1&end_hour=16&end_minute=0\">Shirt off my back</a>\".'),('trey',0,2,19,'Bid $4.50 on the auction: \"<a href=\"itemlisting.php?mode=view&title=Free CD&seller=sayuj&category=Art&end_day=5&end_hour=11&end_minute=0\">Free CD</a>\".'),('trey',0,2,20,'Bid $293.50 on the auction: \"<a href=\"itemlisting.php?mode=view&title=Giant statue&seller=sayuj&category=Art&end_day=3&end_hour=1&end_minute=0\">Giant statue</a>\".'),('trey',0,2,21,'Bid $3.50 on the auction: \"<a href=\"itemlisting.php?mode=view&title=Cheap paint brushes&seller=dallas&category=Art&end_day=0&end_hour=16&end_minute=0\">Cheap paint brushes</a>\".'),('trey',0,0,50,'Listed a new auction: \"<a href=\"itemlisting.php?mode=view&title=Boom Box&seller=trey&category=Electronics&end_day=2&end_hour=17&end_minute=0\">Boom Box</a>\".'),('trey',0,0,51,'Listed a new auction: \"<a href=\"itemlisting.php?mode=view&title=Car Remote&seller=trey&category=Electronics&end_day=3&end_hour=21&end_minute=0\">Car Remote</a>\".'),('trey',0,0,52,'Logged Out'),('sayuj',0,0,53,'Logged In'),('sayuj',0,0,54,'Listed a new auction: \"<a href=\"itemlisting.php?mode=view&title=Circuit board&seller=sayuj&category=Electronics&end_day=3&end_hour=20&end_minute=0\">Circuit board</a>\".'),('sayuj',0,0,55,'Listed a new auction: \"<a href=\"itemlisting.php?mode=view&title=Circuit Board 2&seller=sayuj&category=Electronics&end_day=2&end_hour=12&end_minute=0\">Circuit Board 2</a>\".'),('sayuj',0,0,56,'Listed a new auction: \"<a href=\"itemlisting.php?mode=view&title=Free CD&seller=sayuj&category=Art&end_day=5&end_hour=11&end_minute=0\">Free CD</a>\".'),('sayuj',0,0,57,'Listed a new auction: \"<a href=\"itemlisting.php?mode=view&title=Killah&seller=sayuj&category=Entertainment&end_day=1&end_hour=13&end_minute=0\">Killah</a>\".'),('sayuj',0,0,58,'Listed a new auction: \"<a href=\"itemlisting.php?mode=view&title=Pirate Treasure&seller=sayuj&category=Jewelry&end_day=4&end_hour=10&end_minute=0\">Pirate Treasure</a>\".'),('sayuj',0,0,59,'Listed a new auction: \"<a href=\"itemlisting.php?mode=view&title=Earrings from a pirate ship&seller=sayuj&category=Jewelry&end_day=4&end_hour=13&end_minute=0\">Earrings from a pirate ship</a>\".'),('sayuj',0,1,1,'Listed a new auction: \"<a href=\"itemlisting.php?mode=view&title=Giant statue&seller=sayuj&category=Art&end_day=3&end_hour=1&end_minute=0\">Giant statue</a>\".'),('sayuj',0,1,2,'Listed a new auction: \"<a href=\"itemlisting.php?mode=view&title=Free CD&seller=sayuj&category=Toys&end_day=00000&end_hour=21&end_minute=0\">Free CD</a>\".'),('sayuj',0,1,3,'Edited auction: \"<a href=\"itemlisting.php?mode=view&title=Free CD&seller=sayuj&category=Toys&end_day=0&end_hour=21&end_minute=0\">Free CD</a>\".'),('sayuj',0,1,4,'Bid $2.00 on the auction: \"<a href=\"itemlisting.php?mode=view&title=Cheap paint brushes&seller=dallas&category=Art&end_day=0&end_hour=16&end_minute=0\">Cheap paint brushes</a>\".'),('sayuj',0,1,5,'Bid $17.50 on the auction: \"<a href=\"itemlisting.php?mode=view&title=Stack of books&seller=mark&category=Books&end_day=2&end_hour=21&end_minute=0\">Stack of books</a>\".'),('sayuj',0,1,6,'Bid $6.00 on the auction: \"<a href=\"itemlisting.php?mode=view&title=A stolen book&seller=mark&category=Books&end_day=0&end_hour=19&end_minute=0\">A stolen book</a>\".'),('sayuj',0,1,7,'Bid $100.50 on the auction: \"<a href=\"itemlisting.php?mode=view&title=Clothes from my closet&seller=jim&category=Clothing&end_day=1&end_hour=23&end_minute=0\">Clothes from my closet</a>\".'),('sayuj',0,1,8,'Bid $13.00 on the auction: \"<a href=\"itemlisting.php?mode=view&title=Shirt off my back&seller=trey&category=Clothing&end_day=1&end_hour=16&end_minute=0\">Shirt off my back</a>\".'),('sayuj',0,1,9,'Bid $11.00 on the auction: \"<a href=\"itemlisting.php?mode=view&title=A doll&seller=mark&category=Collectibles&end_day=1&end_hour=16&end_minute=0\">A doll</a>\".'),('sayuj',0,1,10,'Bid $8.00 on the auction: \"<a href=\"itemlisting.php?mode=view&title=Car Remote&seller=trey&category=Electronics&end_day=3&end_hour=21&end_minute=0\">Car Remote</a>\".'),('sayuj',0,1,11,'Bid $10.50 on the auction: \"<a href=\"itemlisting.php?mode=view&title=Boom Box&seller=trey&category=Electronics&end_day=2&end_hour=17&end_minute=0\">Boom Box</a>\".'),('sayuj',0,1,12,'Bid $44.50 on the auction: \"<a href=\"itemlisting.php?mode=view&title=My favorite glove&seller=dallas&category=Sporting Goods&end_day=0&end_hour=19&end_minute=0\">My favorite glove</a>\".'),('sayuj',0,1,13,'Bid $4.00 on the auction: \"<a href=\"itemlisting.php?mode=view&title=Dominos&seller=mark&category=Toys&end_day=1&end_hour=20&end_minute=0\">Dominos</a>\".'),('dallas',0,1,14,'Bid $1.50 on the auction: \"<a href=\"itemlisting.php?mode=view&title=Free CD&seller=sayuj&category=Art&end_day=5&end_hour=11&end_minute=0\">Free CD</a>\".'),('dallas',0,1,15,'Bid $271.00 on the auction: \"<a href=\"itemlisting.php?mode=view&title=Giant statue&seller=sayuj&category=Art&end_day=3&end_hour=1&end_minute=0\">Giant statue</a>\".'),('dallas',0,1,16,'Bid $18.00 on the auction: \"<a href=\"itemlisting.php?mode=view&title=Stack of books&seller=mark&category=Books&end_day=2&end_hour=21&end_minute=0\">Stack of books</a>\".'),('dallas',0,1,17,'Bid $6.50 on the auction: \"<a href=\"itemlisting.php?mode=view&title=A stolen book&seller=mark&category=Books&end_day=0&end_hour=19&end_minute=0\">A stolen book</a>\".'),('mark',0,1,18,'Logged In'),('mark',0,1,19,'Bid $2.00 on the auction: \"<a href=\"itemlisting.php?mode=view&title=Free CD&seller=sayuj&category=Art&end_day=5&end_hour=11&end_minute=0\">Free CD</a>\".'),('mark',0,1,20,'Bid $271.50 on the auction: \"<a href=\"itemlisting.php?mode=view&title=Giant statue&seller=sayuj&category=Art&end_day=3&end_hour=1&end_minute=0\">Giant statue</a>\".'),('mark',0,1,21,'Bid $2.50 on the auction: \"<a href=\"itemlisting.php?mode=view&title=Cheap paint brushes&seller=dallas&category=Art&end_day=0&end_hour=16&end_minute=0\">Cheap paint brushes</a>\".'),('mark',0,1,22,'Bid $101.00 on the auction: \"<a href=\"itemlisting.php?mode=view&title=Clothes from my closet&seller=jim&category=Clothing&end_day=1&end_hour=23&end_minute=0\">Clothes from my closet</a>\".'),('mark',0,1,23,'Bid $13.50 on the auction: \"<a href=\"itemlisting.php?mode=view&title=Shirt off my back&seller=trey&category=Clothing&end_day=1&end_hour=16&end_minute=0\">Shirt off my back</a>\".'),('mark',0,1,24,'Bid $1.50 on the auction: \"<a href=\"itemlisting.php?mode=view&title=Socks&seller=jim&category=Clothing&end_day=1&end_hour=0&end_minute=0\">Socks</a>\".'),('mark',0,1,25,'Bid $2.00 on the auction: \"<a href=\"itemlisting.php?mode=view&title=Other sock&seller=jim&category=Clothing&end_day=1&end_hour=0&end_minute=0\">Other sock</a>\".'),('mark',0,1,26,'Bid $8.50 on the auction: \"<a href=\"itemlisting.php?mode=view&title=Car Remote&seller=trey&category=Electronics&end_day=3&end_hour=21&end_minute=0\">Car Remote</a>\".'),('mark',0,1,27,'Bid $5.00 on the auction: \"<a href=\"itemlisting.php?mode=view&title=Circuit board&seller=sayuj&category=Electronics&end_day=3&end_hour=20&end_minute=0\">Circuit board</a>\".'),('mark',0,1,28,'Bid $11.00 on the auction: \"<a href=\"itemlisting.php?mode=view&title=Boom Box&seller=trey&category=Electronics&end_day=2&end_hour=17&end_minute=0\">Boom Box</a>\".'),('mark',0,1,29,'Bid $74.50 on the auction: \"<a href=\"itemlisting.php?mode=view&title=Circuit Board 2&seller=sayuj&category=Electronics&end_day=2&end_hour=12&end_minute=0\">Circuit Board 2</a>\".'),('mark',0,1,30,'Bid $10.00 on the auction: \"<a href=\"itemlisting.php?mode=view&title=Killah&seller=sayuj&category=Entertainment&end_day=1&end_hour=13&end_minute=0\">Killah</a>\".'),('mark',0,1,31,'Bid $11.00 on the auction: \"<a href=\"itemlisting.php?mode=view&title=Earrings from a pirate ship&seller=sayuj&category=Jewelry&end_day=4&end_hour=13&end_minute=0\">Earrings from a pirate ship</a>\".'),('mark',0,1,32,'Bid $126.50 on the auction: \"<a href=\"itemlisting.php?mode=view&title=Pirate Treasure&seller=sayuj&category=Jewelry&end_day=4&end_hour=10&end_minute=0\">Pirate Treasure</a>\".'),('mark',0,1,33,'Bid $45.00 on the auction: \"<a href=\"itemlisting.php?mode=view&title=My favorite glove&seller=dallas&category=Sporting Goods&end_day=0&end_hour=19&end_minute=0\">My favorite glove</a>\".'),('mark',0,1,34,'Bid $8.00 on the auction: \"<a href=\"itemlisting.php?mode=view&title=Indian He-man&seller=sayuj&category=Toys&end_day=2&end_hour=23&end_minute=0\">Indian He-man</a>\".'),('mark',0,1,35,'Bid $10.50 on the auction: \"<a href=\"itemlisting.php?mode=view&title=Free CD&seller=sayuj&category=Toys&end_day=0&end_hour=21&end_minute=0\">Free CD</a>\".'),('mark',0,1,36,'Logged Out'),('dallas',0,1,37,'Logged In'),('dallas',0,1,38,'Bid $9.50 on the auction: \"<a href=\"itemlisting.php?mode=view&title=Indian He-man&seller=sayuj&category=Toys&end_day=2&end_hour=23&end_minute=0\">Indian He-man</a>\".'),('dallas',0,1,39,'Bid $4.50 on the auction: \"<a href=\"itemlisting.php?mode=view&title=Dominos&seller=mark&category=Toys&end_day=1&end_hour=20&end_minute=0\">Dominos</a>\".'),('dallas',0,1,40,'Bid $11.00 on the auction: \"<a href=\"itemlisting.php?mode=view&title=Free CD&seller=sayuj&category=Toys&end_day=0&end_hour=21&end_minute=0\">Free CD</a>\".'),('dallas',0,1,41,'Bid $127.00 on the auction: \"<a href=\"itemlisting.php?mode=view&title=Pirate Treasure&seller=sayuj&category=Jewelry&end_day=4&end_hour=10&end_minute=0\">Pirate Treasure</a>\".'),('dallas',0,1,42,'Bid $11.50 on the auction: \"<a href=\"itemlisting.php?mode=view&title=Earrings from a pirate ship&seller=sayuj&category=Jewelry&end_day=4&end_hour=13&end_minute=0\">Earrings from a pirate ship</a>\".'),('dallas',0,1,43,'Bid $273.50 on the auction: \"<a href=\"itemlisting.php?mode=view&title=Giant statue&seller=sayuj&category=Art&end_day=3&end_hour=1&end_minute=0\">Giant statue</a>\".'),('dallas',0,1,44,'Bid $2.50 on the auction: \"<a href=\"itemlisting.php?mode=view&title=Free CD&seller=sayuj&category=Art&end_day=5&end_hour=11&end_minute=0\">Free CD</a>\".'),('dallas',0,1,45,'Bid $4.00 on the auction: \"<a href=\"itemlisting.php?mode=view&title=Other sock&seller=jim&category=Clothing&end_day=1&end_hour=0&end_minute=0\">Other sock</a>\".'),('dallas',0,1,46,'Bid $2.00 on the auction: \"<a href=\"itemlisting.php?mode=view&title=Socks&seller=jim&category=Clothing&end_day=1&end_hour=0&end_minute=0\">Socks</a>\".'),('dallas',0,1,47,'Bid $14.00 on the auction: \"<a href=\"itemlisting.php?mode=view&title=Shirt off my back&seller=trey&category=Clothing&end_day=1&end_hour=16&end_minute=0\">Shirt off my back</a>\".'),('dallas',0,1,48,'Bid $101.50 on the auction: \"<a href=\"itemlisting.php?mode=view&title=Clothes from my closet&seller=jim&category=Clothing&end_day=1&end_hour=23&end_minute=0\">Clothes from my closet</a>\".'),('dallas',0,1,49,'Bid $11.50 on the auction: \"<a href=\"itemlisting.php?mode=view&title=A doll&seller=mark&category=Collectibles&end_day=1&end_hour=16&end_minute=0\">A doll</a>\".'),('dallas',0,1,50,'Bid $75.00 on the auction: \"<a href=\"itemlisting.php?mode=view&title=Circuit Board 2&seller=sayuj&category=Electronics&end_day=2&end_hour=12&end_minute=0\">Circuit Board 2</a>\".'),('dallas',0,1,51,'Bid $11.50 on the auction: \"<a href=\"itemlisting.php?mode=view&title=Boom Box&seller=trey&category=Electronics&end_day=2&end_hour=17&end_minute=0\">Boom Box</a>\".'),('dallas',0,1,52,'Bid $5.50 on the auction: \"<a href=\"itemlisting.php?mode=view&title=Circuit board&seller=sayuj&category=Electronics&end_day=3&end_hour=20&end_minute=0\">Circuit board</a>\".'),('dallas',0,1,53,'Bid $9.00 on the auction: \"<a href=\"itemlisting.php?mode=view&title=Car Remote&seller=trey&category=Electronics&end_day=3&end_hour=21&end_minute=0\">Car Remote</a>\".'),('dallas',0,1,54,'Bid $10.50 on the auction: \"<a href=\"itemlisting.php?mode=view&title=Killah&seller=sayuj&category=Entertainment&end_day=1&end_hour=13&end_minute=0\">Killah</a>\".'),('dallas',0,1,55,'Logged Out'),('jim',0,1,56,'Logged In'),('jim',0,1,57,'Bid $11.50 on the auction: \"<a href=\"itemlisting.php?mode=view&title=Free CD&seller=sayuj&category=Toys&end_day=0&end_hour=21&end_minute=0\">Free CD</a>\".'),('jim',0,1,58,'Bid $5.00 on the auction: \"<a href=\"itemlisting.php?mode=view&title=Dominos&seller=mark&category=Toys&end_day=1&end_hour=20&end_minute=0\">Dominos</a>\".'),('jim',0,1,59,'Bid $19.50 on the auction: \"<a href=\"itemlisting.php?mode=view&title=Indian He-man&seller=sayuj&category=Toys&end_day=2&end_hour=23&end_minute=0\">Indian He-man</a>\".'),('jim',0,2,0,'Bid $132.50 on the auction: \"<a href=\"itemlisting.php?mode=view&title=Pirate Treasure&seller=sayuj&category=Jewelry&end_day=4&end_hour=10&end_minute=0\">Pirate Treasure</a>\".'),('jim',0,2,1,'Bid $21.00 on the auction: \"<a href=\"itemlisting.php?mode=view&title=Earrings from a pirate ship&seller=sayuj&category=Jewelry&end_day=4&end_hour=13&end_minute=0\">Earrings from a pirate ship</a>\".'),('jim',0,2,2,'Bid $13.50 on the auction: \"<a href=\"itemlisting.php?mode=view&title=Killah&seller=sayuj&category=Entertainment&end_day=1&end_hour=13&end_minute=0\">Killah</a>\".'),('jim',0,2,3,'Bid $80.00 on the auction: \"<a href=\"itemlisting.php?mode=view&title=Circuit Board 2&seller=sayuj&category=Electronics&end_day=2&end_hour=12&end_minute=0\">Circuit Board 2</a>\".'),('jim',0,2,4,'Bid $18.00 on the auction: \"<a href=\"itemlisting.php?mode=view&title=Boom Box&seller=trey&category=Electronics&end_day=2&end_hour=17&end_minute=0\">Boom Box</a>\".'),('jim',0,2,5,'Bid $6.00 on the auction: \"<a href=\"itemlisting.php?mode=view&title=Circuit board&seller=sayuj&category=Electronics&end_day=3&end_hour=20&end_minute=0\">Circuit board</a>\".'),('jim',0,2,6,'Bid $11.00 on the auction: \"<a href=\"itemlisting.php?mode=view&title=Car Remote&seller=trey&category=Electronics&end_day=3&end_hour=21&end_minute=0\">Car Remote</a>\".'),('jim',0,2,7,'Bid $12.00 on the auction: \"<a href=\"itemlisting.php?mode=view&title=A doll&seller=mark&category=Collectibles&end_day=1&end_hour=16&end_minute=0\">A doll</a>\".'),('jim',0,2,8,'Bid $23.50 on the auction: \"<a href=\"itemlisting.php?mode=view&title=Shirt off my back&seller=trey&category=Clothing&end_day=1&end_hour=16&end_minute=0\">Shirt off my back</a>\".'),('jim',0,2,9,'Bid $7.00 on the auction: \"<a href=\"itemlisting.php?mode=view&title=A stolen book&seller=mark&category=Books&end_day=0&end_hour=19&end_minute=0\">A stolen book</a>\".'),('jim',0,2,10,'Bid $26.00 on the auction: \"<a href=\"itemlisting.php?mode=view&title=Stack of books&seller=mark&category=Books&end_day=2&end_hour=21&end_minute=0\">Stack of books</a>\".'),('jim',0,2,11,'Bid $3.00 on the auction: \"<a href=\"itemlisting.php?mode=view&title=Cheap paint brushes&seller=dallas&category=Art&end_day=0&end_hour=16&end_minute=0\">Cheap paint brushes</a>\".'),('jim',0,2,12,'Bid $283.50 on the auction: \"<a href=\"itemlisting.php?mode=view&title=Giant statue&seller=sayuj&category=Art&end_day=3&end_hour=1&end_minute=0\">Giant statue</a>\".'),('jim',0,2,13,'Bid $4.00 on the auction: \"<a href=\"itemlisting.php?mode=view&title=Free CD&seller=sayuj&category=Art&end_day=5&end_hour=11&end_minute=0\">Free CD</a>\".'),('jim',0,2,14,'Logged Out'),('admin',0,2,15,'Logged In'),('admin',0,2,16,'Bid $15.50 on the auction: \"<a href=\"itemlisting.php?mode=view&title=Free CD&seller=sayuj&category=Toys&end_day=0&end_hour=21&end_minute=0\">Free CD</a>\".'),('admin',0,2,17,'Logged Out'),('trey',0,2,18,'Logged In'),('trey',0,2,23,'Listed a new auction: \"<a href=\"itemlisting.php?mode=view&title=Quick SEll!!&seller=trey&category=Collectibles&end_day=00000&end_hour=3&end_minute=0\">Quick SEll!!</a>\".'),('trey',0,2,24,'Logged Out'),('jim',0,2,25,'Logged In'),('jim',0,2,26,'Bid $17.50 on the auction: \"<a href=\"itemlisting.php?mode=view&title=Quick SEll!!&seller=trey&category=Collectibles&end_day=0&end_hour=3&end_minute=0\">Quick SEll!!</a>\".'),('jim',0,2,27,'Logged Out'),('admin',0,2,28,'Logged In'),('admin',0,3,0,'Updated website time to Day: 0, Time: 03:00'),('admin',0,3,1,'Logged Out'),('jim',0,3,2,'Logged In'),('jim',0,3,3,'You left feedback for the seller of the auction \"<a href=\"itemlisting.php?mode=view&title=Quick SEll!!&seller=trey&category=Collectibles&end_day=0&end_hour=3&end_minute=0\">Quick SEll!!</a>\"'),('jim',0,3,4,'Logged Out'),('trey',0,3,5,'Logged In'),('trey',0,3,6,'You left feedback for the winner of your auction \"<a href=\"itemlisting.php?mode=view&title=Quick SEll!!&seller=trey&category=Collectibles&end_day=0&end_hour=3&end_minute=0\">Quick SEll!!</a>\"'),('trey',0,3,7,'Logged Out');
/*!40000 ALTER TABLE `user_activity` ENABLE KEYS */;
--UNLOCK TABLES;
/*!40103 SET TIME_ZONE=@OLD_TIME_ZONE */;

/*!40101 SET SQL_MODE=@OLD_SQL_MODE */;
/*!40014 SET FOREIGN_KEY_CHECKS=@OLD_FOREIGN_KEY_CHECKS */;
/*!40014 SET UNIQUE_CHECKS=@OLD_UNIQUE_CHECKS */;
/*!40101 SET CHARACTER_SET_CLIENT=@OLD_CHARACTER_SET_CLIENT */;
/*!40101 SET CHARACTER_SET_RESULTS=@OLD_CHARACTER_SET_RESULTS */;
/*!40101 SET COLLATION_CONNECTION=@OLD_COLLATION_CONNECTION */;
/*!40111 SET SQL_NOTES=@OLD_SQL_NOTES */;

-- Dump completed on 2009-04-14 20:23:34
